{"cameraMode":{"drawMode":0,"name":"Shaded","section":"Shading Mode"},"sceneLighting":true,"audioPlay":false,"sceneViewState":{"showFog":true,"showMaterialUpdate":false,"showSkybox":true,"showFlares":true,"showImageEffects":true,"showParticleSystems":true},"in2DMode":false,"pivot":{"x":1.095536708831787,"y":-2.508025646209717,"z":-2.710603952407837},"rotation":{"x":0.34686973690986636,"y":0.12586212158203126,"z":-0.046964824199676517,"w":0.9282426834106445},"size":20.74586296081543,"orthographic":false}