{"cameraMode":{"drawMode":0,"name":"Shaded","section":"Shading Mode"},"sceneLighting":false,"audioPlay":false,"sceneViewState":{"showFog":true,"showMaterialUpdate":false,"showSkybox":true,"showFlares":true,"showImageEffects":true,"showParticleSystems":true},"in2DMode":false,"pivot":{"x":0.0000010728836059570313,"y":0.845562219619751,"z":-0.0001675039529800415},"rotation":{"x":0.12656675279140473,"y":-0.8704314827919006,"z":0.295842707157135,"w":0.3725682199001312},"size":4.920301914215088,"orthographic":false}