{"cameraMode":{"drawMode":0,"name":"Shaded","section":"Shading Mode"},"sceneLighting":false,"audioPlay":false,"sceneViewState":{"showFog":true,"showMaterialUpdate":false,"showSkybox":true,"showFlares":true,"showImageEffects":true,"showParticleSystems":true},"in2DMode":false,"pivot":{"x":0.0003270393644925207,"y":0.0912228524684906,"z":-0.024823425337672235},"rotation":{"x":0.07975699007511139,"y":-0.656952440738678,"z":0.07028559595346451,"w":0.7463995218276978},"size":0.7041658759117127,"orthographic":false}