{"cameraMode":{"drawMode":0,"name":"Shaded","section":"Shading Mode"},"sceneLighting":false,"audioPlay":false,"sceneViewState":{"showFog":false,"showMaterialUpdate":false,"showSkybox":false,"showFlares":false,"showImageEffects":false,"showParticleSystems":false},"in2DMode":false,"pivot":{"x":-1.7500931024551392,"y":-0.8688754439353943,"z":5.650321960449219},"rotation":{"x":-0.11755922436714173,"y":0.12684713304042817,"z":-0.015141259878873825,"w":-0.9848148822784424},"size":8.60356616973877,"orthographic":false}