{"cameraMode":{"drawMode":0,"name":"Shaded","section":"Shading Mode"},"sceneLighting":false,"audioPlay":false,"sceneViewState":{"showFog":true,"showMaterialUpdate":false,"showSkybox":true,"showFlares":true,"showImageEffects":true,"showParticleSystems":true},"in2DMode":false,"pivot":{"x":-0.08665275573730469,"y":0.4206603765487671,"z":-0.38089728355407717},"rotation":{"x":-0.00048675999278202653,"y":0.7940546870231628,"z":0.0006344534340314567,"w":0.6078458428382874},"size":10.018357276916504,"orthographic":false}