{"cameraMode":{"drawMode":0,"name":"Shaded","section":"Shading Mode"},"sceneLighting":false,"audioPlay":false,"sceneViewState":{"showFog":true,"showMaterialUpdate":true,"showSkybox":true,"showFlares":true,"showImageEffects":true,"showParticleSystems":true},"in2DMode":false,"pivot":{"x":34.85517120361328,"y":13.337745666503907,"z":102.07337188720703},"rotation":{"x":-0.2274734228849411,"y":-0.014908620156347752,"z":0.0034830388613045217,"w":-0.9736639261245728},"size":216.05979919433595,"orthographic":false}