{"cameraMode":{"drawMode":0,"name":"Shaded","section":"Shading Mode"},"sceneLighting":false,"audioPlay":false,"sceneViewState":{"showFog":true,"showMaterialUpdate":false,"showSkybox":true,"showFlares":true,"showImageEffects":true,"showParticleSystems":true},"in2DMode":false,"pivot":{"x":-0.0016087330877780915,"y":-0.037999995052814487,"z":0.014485776424407959},"rotation":{"x":0.49922066926956179,"y":-0.0017751820851117373,"z":0.001021901611238718,"w":0.8664725422859192},"size":0.6593320369720459,"orthographic":false}