{"cameraMode":{"drawMode":0,"name":"Shaded","section":"Shading Mode"},"sceneLighting":false,"audioPlay":false,"sceneViewState":{"showFog":false,"showMaterialUpdate":false,"showSkybox":false,"showFlares":false,"showImageEffects":false,"showParticleSystems":false},"in2DMode":false,"pivot":{"x":0.0,"y":1.102003574371338,"z":0.0009762048721313477},"rotation":{"x":0.2538367509841919,"y":0.3896144926548004,"z":-0.11262600123882294,"w":0.8781132698059082},"size":6.621458530426025,"orthographic":false}