{"cameraMode":{"drawMode":0,"name":"Shaded","section":"Shading Mode"},"sceneLighting":false,"audioPlay":false,"sceneViewState":{"showFog":false,"showMaterialUpdate":false,"showSkybox":false,"showFlares":false,"showImageEffects":false,"showParticleSystems":false},"in2DMode":false,"pivot":{"x":-1.0588583946228028,"y":9.465433120727539,"z":-7.022573947906494},"rotation":{"x":0.3912656605243683,"y":0.04855792596936226,"z":-0.020678216591477395,"w":0.9187632203102112},"size":42.10875701904297,"orthographic":false}