{"cameraMode":{"drawMode":0,"name":"Shaded","section":"Shading Mode"},"sceneLighting":false,"audioPlay":false,"sceneViewState":{"showFog":true,"showMaterialUpdate":true,"showSkybox":false,"showFlares":true,"showImageEffects":true,"showParticleSystems":true},"in2DMode":false,"pivot":{"x":399.99993896484377,"y":299.9999084472656,"z":0.0},"rotation":{"x":-0.45816078782081606,"y":-0.05753539875149727,"z":0.029735200107097627,"w":-0.8865067362785339},"size":233.34524536132813,"orthographic":false}