{"cameraMode":{"drawMode":0,"name":"Shaded","section":"Shading Mode"},"sceneLighting":false,"audioPlay":false,"sceneViewState":{"showFog":false,"showMaterialUpdate":false,"showSkybox":false,"showFlares":false,"showImageEffects":false,"showParticleSystems":false},"in2DMode":false,"pivot":{"x":-12.921142578125,"y":-0.3039851188659668,"z":25.84814453125},"rotation":{"x":-0.13934028148651124,"y":-0.014261745847761631,"z":0.0020071263425052168,"w":-0.9901398420333862},"size":22.366138458251954,"orthographic":false}