{"cameraMode":{"drawMode":0,"name":"Shaded","section":"Shading Mode"},"sceneLighting":false,"audioPlay":false,"sceneViewState":{"showFog":true,"showMaterialUpdate":false,"showSkybox":true,"showFlares":true,"showImageEffects":true,"showParticleSystems":true},"in2DMode":false,"pivot":{"x":0.0,"y":0.04184448719024658,"z":0.3985750079154968},"rotation":{"x":0.27734091877937319,"y":0.10298764705657959,"z":-0.029916994273662568,"w":0.9547672867774963},"size":3.4145302772521974,"orthographic":false}