{"cameraMode":{"drawMode":0,"name":"Shaded","section":"Shading Mode"},"sceneLighting":false,"audioPlay":false,"sceneViewState":{"showFog":false,"showMaterialUpdate":false,"showSkybox":false,"showFlares":false,"showImageEffects":false,"showParticleSystems":false},"in2DMode":false,"pivot":{"x":392.193603515625,"y":-0.309036523103714,"z":12.291553497314454},"rotation":{"x":0.2687700092792511,"y":-0.0764753520488739,"z":0.0214129239320755,"w":0.9599248170852661},"size":74.2544937133789,"orthographic":false}