{"cameraMode":{"drawMode":0,"name":"Shaded","section":"Shading Mode"},"sceneLighting":false,"audioPlay":false,"sceneViewState":{"showFog":true,"showMaterialUpdate":false,"showSkybox":true,"showFlares":true,"showImageEffects":true,"showParticleSystems":true},"in2DMode":false,"pivot":{"x":-0.07361078262329102,"y":0.0,"z":-0.03128260374069214},"rotation":{"x":-0.22513967752456666,"y":-0.7745928764343262,"z":0.42932790517807009,"w":-0.4061965048313141},"size":3.3992316722869875,"orthographic":false}