{"cameraMode":{"drawMode":0,"name":"Shaded","section":"Shading Mode"},"sceneLighting":false,"audioPlay":false,"sceneViewState":{"showFog":false,"showMaterialUpdate":false,"showSkybox":false,"showFlares":false,"showImageEffects":false,"showParticleSystems":false},"in2DMode":false,"pivot":{"x":202.52757263183595,"y":-7.336341381072998,"z":11.03367805480957},"rotation":{"x":-0.3881736993789673,"y":0.03758189082145691,"z":-0.01584460586309433,"w":-0.9206833243370056},"size":130.60157775878907,"orthographic":false}