{"cameraMode":{"drawMode":0,"name":"Shaded","section":"Shading Mode"},"sceneLighting":false,"audioPlay":false,"sceneViewState":{"showFog":false,"showMaterialUpdate":false,"showSkybox":false,"showFlares":false,"showImageEffects":false,"showParticleSystems":false},"in2DMode":false,"pivot":{"x":-4.266089916229248,"y":0.20621871948242188,"z":-0.5},"rotation":{"x":0.27491822838783266,"y":0.41545167565345766,"z":-0.13330981135368348,"w":0.8567662835121155},"size":4.616462707519531,"orthographic":false}