{"cameraMode":{"drawMode":0,"name":"Shaded","section":"Shading Mode"},"sceneLighting":false,"audioPlay":false,"sceneViewState":{"showFog":true,"showMaterialUpdate":false,"showSkybox":true,"showFlares":true,"showImageEffects":true,"showParticleSystems":true},"in2DMode":false,"pivot":{"x":-0.14743375778198243,"y":0.5463658571243286,"z":2.5557262897491457},"rotation":{"x":0.015012693591415882,"y":-0.9746313095092773,"z":0.21242694556713105,"w":0.06887152791023255},"size":5.222949504852295,"orthographic":false}