{"cameraMode":{"drawMode":0,"name":"Shaded","section":"Shading Mode"},"sceneLighting":false,"audioPlay":false,"sceneViewState":{"showFog":false,"showMaterialUpdate":false,"showSkybox":false,"showFlares":false,"showImageEffects":false,"showParticleSystems":false},"in2DMode":false,"pivot":{"x":399.99993896484377,"y":299.9999084472656,"z":0.0},"rotation":{"x":0.4214094281196594,"y":-0.002174463588744402,"z":0.0010107802227139474,"w":0.9068673253059387},"size":233.34524536132813,"orthographic":false}