{"cameraMode":{"drawMode":0,"name":"Shaded","section":"Shading Mode"},"sceneLighting":false,"audioPlay":false,"sceneViewState":{"showFog":true,"showMaterialUpdate":false,"showSkybox":true,"showFlares":true,"showImageEffects":true,"showParticleSystems":true},"in2DMode":false,"pivot":{"x":1.7749998569488526,"y":0.5099999904632568,"z":0.0},"rotation":{"x":0.49922066926956179,"y":-0.0017751820851117373,"z":0.001021901611238718,"w":0.8664725422859192},"size":9.616386413574219,"orthographic":false}