{"cameraMode":{"drawMode":0,"name":"Shaded","section":"Shading Mode"},"sceneLighting":false,"audioPlay":false,"sceneViewState":{"showFog":true,"showMaterialUpdate":false,"showSkybox":true,"showFlares":true,"showImageEffects":true,"showParticleSystems":true},"in2DMode":false,"pivot":{"x":0.43875858187675478,"y":0.7547962665557861,"z":-0.10856959968805313},"rotation":{"x":0.3686301112174988,"y":-0.027606980875134469,"z":0.010953336022794247,"w":0.9291015863418579},"size":6.489656925201416,"orthographic":false}