{"cameraMode":{"drawMode":0,"name":"Shaded","section":"Shading Mode"},"sceneLighting":false,"audioPlay":false,"sceneViewState":{"showFog":true,"showMaterialUpdate":false,"showSkybox":true,"showFlares":true,"showImageEffects":true,"showParticleSystems":true},"in2DMode":false,"pivot":{"x":1.7181737422943116,"y":1.231759786605835,"z":0.34765422344207766},"rotation":{"x":-0.19862981140613557,"y":0.1539319008588791,"z":-0.03160342946648598,"w":-0.9673947095870972},"size":6.445857048034668,"orthographic":false}