{"cameraMode":{"drawMode":0,"name":"Shaded","section":"Shading Mode"},"sceneLighting":false,"audioPlay":false,"sceneViewState":{"showFog":false,"showMaterialUpdate":false,"showSkybox":false,"showFlares":false,"showImageEffects":false,"showParticleSystems":false},"in2DMode":false,"pivot":{"x":-14.729635238647461,"y":-5.874386787414551,"z":3.1305694580078127},"rotation":{"x":0.47360679507255556,"y":0.018493125215172769,"z":-0.009947443380951882,"w":0.8804860711097717},"size":53.199462890625,"orthographic":false}