{"cameraMode":{"drawMode":0,"name":"Shaded","section":"Shading Mode"},"sceneLighting":false,"audioPlay":false,"sceneViewState":{"showFog":true,"showMaterialUpdate":false,"showSkybox":true,"showFlares":true,"showImageEffects":true,"showParticleSystems":true},"in2DMode":false,"pivot":{"x":-0.07152540981769562,"y":0.03149686008691788,"z":0.11583470553159714},"rotation":{"x":-0.15883460640907288,"y":0.8387044072151184,"z":-0.4017411470413208,"w":-0.3315879702568054},"size":2.781550645828247,"orthographic":false}