{"cameraMode":{"drawMode":0,"name":"Shaded","section":"Shading Mode"},"sceneLighting":false,"audioPlay":false,"sceneViewState":{"showFog":true,"showMaterialUpdate":true,"showSkybox":false,"showFlares":true,"showImageEffects":true,"showParticleSystems":true},"in2DMode":false,"pivot":{"x":-4.974887371063232,"y":1.2991844415664673,"z":3.8666443824768068},"rotation":{"x":-0.168694868683815,"y":0.007086810190230608,"z":-0.001212820177897811,"w":-0.98564213514328},"size":8.713362693786621,"orthographic":false}