{"cameraMode":{"drawMode":0,"name":"Shaded","section":"Shading Mode"},"sceneLighting":false,"audioPlay":false,"sceneViewState":{"showFog":false,"showMaterialUpdate":false,"showSkybox":false,"showFlares":false,"showImageEffects":false,"showParticleSystems":false},"in2DMode":false,"pivot":{"x":0.004705667495727539,"y":1.1847407817840577,"z":-0.03260457515716553},"rotation":{"x":0.1239868700504303,"y":0.3497227430343628,"z":-0.046753592789173129,"w":0.9274348616600037},"size":7.348813056945801,"orthographic":false}