{"cameraMode":{"drawMode":0,"name":"Shaded","section":"Shading Mode"},"sceneLighting":false,"audioPlay":false,"sceneViewState":{"showFog":false,"showMaterialUpdate":false,"showSkybox":false,"showFlares":false,"showImageEffects":false,"showParticleSystems":false},"in2DMode":false,"pivot":{"x":792.9834594726563,"y":2.242234468460083,"z":18.246990203857423},"rotation":{"x":-0.3290100395679474,"y":-0.027199989184737207,"z":0.009480858221650124,"w":-0.9438870549201965},"size":80.00411224365235,"orthographic":false}